Video,Duration,Category
010421_MVI_0114_short_22_4008.MP4,7.413793103448276,Good
040621_pm_MVI_0188_short_21_4008.MP4,8.620689655172415,Good
070521_am_MVI_0006_short_37_4008.MP4,7.448275862068965,Good
090421_pm_MVI_0126_short_16_4008.MP4,6.9655172413793105,Good
110621_am_MVI_0192_short_13_4008.MP4,7.206896551724138,Good
130521_am_MVI_0163_short_40_4008.MP4,8.620689655172415,Good
160421_pm_MVI_0139_short_18_4008.MP4,7.793103448275862,Good
210521_pm_MVI_0174_short_19_4008.MP4,8.10344827586207,Good
230421_am_MVI_0142_short_4_4008.MP4,8.310344827586206,Good
280521_pm_MVI_0180_short_21_4008.MP4,9.413793103448276,Good
300321_MVI_0111_short_31_4008.MP4,7.275862068965517,Good
300421_pm_MVI_0155_short_22_4008.MP4,7.896551724137931,Good
040621_am_MVI_0184_short_25_4008.MP4,10.689655172413794,Good
070521_pm_MVI_0159_short_21_4008.MP4,7.896551724137931,Good
090421_am_MVI_0117_short_3_4008.MP4,6.862068965517241,Good
110621_pm_MVI_0197_short_13_4008.MP4,8.137931034482758,Good
130521_pm_MVI_0165_short_15_4008.MP4,9.206896551724139,Good
160421_am_MVI_0132_short_21_4008.MP4,7.931034482758621,Good
210521_am_MVI_0171_short_7_4008.MP4,10.03448275862069,Good
230421_pm_MVI_0148_short_34_4008.MP4,7.724137931034483,Good
280521_am_MVI_0176_short_17_4008.MP4,9.379310344827585,Good
300421_am_MVI_0151_short_13_4008.MP4,7.724137931034483,Good
010421_MVI_0116_short_38_4026.MP4,8.517241379310345,Good
160421_pm_MVI_0139_short_26_4026.MP4,8.310344827586206,Good
300321_MVI_0111_short_32_4026.MP4,9.413793103448276,Good
090421_am_MVI_0117_short_11.mp4,5.793103448275862,Good
160421_am_MVI_0131_short_5_4026.MP4,7.793103448275862,Good
040621_am_MVI_0184_short_23_4035.MP4,8.10344827586207,Good
110621_am_MVI_0194_short_37_4035.MP4,7.896551724137931,Good
280521_pm_MVI_0181_short_35_4035.MP4,9.655172413793103,Good
040621_pm_MVI_0188_short_30_4035.MP4,7.517241379310345,Good
010421_MVI_0116_short_39_4044.MP4,8.482758620689655,Good
090421_pm_MVI_0128_short_33_4044.MP4,11.413793103448276,Good
230421_pm_MVI_0150_short_49_4044.MP4,9.448275862068966,Good
300421_pm_MVI_0156_short_36_4044.MP4,9.206896551724139,Good
300421_am_MVI_0153_short_37_4044.MP4,8.620689655172415,Good
300321_MVI_0113_short_49_4057.MP4,12.724137931034482,Good
010421_MVI_0114_short_11_4080.MP4,8.551724137931034,Good
010421_MVI_0114_short_21_5035.MP4,7.793103448275862,Good
010421_MVI_0116_short_40_5064.MP4,7.137931034482759,Good
040621_pm_MVI_0186_short_0_5064.MP4,8.172413793103448,Good
110621_am_MVI_0193_short_26_5064.MP4,9.827586206896552,Good
130521_pm_MVI_0169_short_39.mp4,5.448275862068965,Good
160421_am_MVI_0133_short_24.mp4,4.655172413793103,Good
210521_pm_MVI_0175_short_35_5064.MP4,8.379310344827585,Good
230421_pm_MVI_0150_short_44_5064.MP4,7.551724137931035,Good
280521_pm_MVI_0181_short_33_5064.MP4,10.172413793103448,Good
300321_MVI_0113_short_45_5064.MP4,7.655172413793103,Good
300421_pm_MVI_0157_short_42_5064.MP4,8.482758620689655,Good
040621_am_MVI_0183_short_0_5064.MP4,12.241379310344827,Good
110621_pm_MVI_0198_short_20_5064.MP4,8.206896551724139,Good
300421_am_MVI_0153_short_30.mp4,5.379310344827586,Good
040621_pm_MVI_0190_short_50_5087.MP4,10.482758620689655,Good
110621_pm_MVI_0200_short_41_5087.MP4,9.310344827586206,Good
280521_pm_MVI_0180_short_27_5087.MP4,9.655172413793103,Good
040621_am_MVI_0185_short_41_5087.MP4,6.413793103448276,Good
010421_MVI_0114_short_10_5100.MP4,7.827586206896552,Good
070521_am_MVI_0006_short_43_5100.MP4,8.344827586206897,Good
090421_am_MVI_0121_short_46_5100.MP4,7.517241379310345,Good
160421_pm_MVI_0139_short_23_5100.MP4,8.172413793103448,Good
230421_am_MVI_0146_short_39_5100.MP4,9.275862068965518,Good
300421_am_MVI_0153_short_44_5100.MP4,7.0344827586206895,Good
070521_pm_MVI_0160_short_36_5100.MP4,7.655172413793103,Good
090421_pm_MVI_0126_short_20_5100.MP4,7.068965517241379,Good
230421_pm_MVI_0148_short_37_5100.MP4,9.758620689655173,Good
300421_pm_MVI_0157_short_45_5100.MP4,6.379310344827586,Good
010421_MVI_0114_short_23_5118.MP4,6.482758620689655,Good
040621_am_MVI_0184_short_18_5118.MP4,8.275862068965518,Good
070521_pm_MVI_0159_short_22_5118.MP4,8.379310344827585,Good
110621_am_MVI_0195_short_54_5118.MP4,8.482758620689655,Good
130521_am_MVI_0162_short_31__5118.MP4,9.310344827586206,Good
160421_am_MVI_0131_short_9_5118.MP4,8.206896551724139,Good
210521_am_MVI_0173_short_41_5118.MP4,8.793103448275861,Good
230421_am_MVI_0146_short_44_5118.MP4,8.275862068965518,Good
280521_am_MVI_0178_short_39_5118.MP4,8.413793103448276,Good
300321_MVI_0111_short_24_5118.MP4,8.89655172413793,Good
300421_pm_MVI_0156_short_33.mp4,5.413793103448276,Good
040621_pm_MVI_0187_short_16_5118.MP4,7.896551724137931,Good
110621_pm_MVI_0200_short_38_5118.MP4,9.862068965517242,Good
130521_pm_MVI_0168_short_29_5118.MP4,10.689655172413794,Good
160421_pm_MVI_0140_short_30_5118.MP4,8.620689655172415,Good
210521_pm_MVI_0174_short_27_5118.MP4,8.931034482758621,Good
280521_pm_MVI_0180_short_30_5118.MP4,9.551724137931034,Good
070521_am_MVI_0005_short_32_5120.MP4,8.793103448275861,Good
160421_pm_MVI_0139_short_22_5120.MP4,10.0,Good
230421_am_MVI_0144_short_34_5120.MP4,9.655172413793103,Good
300421_pm_MVI_0155_short_20_5120.MP4,8.172413793103448,Good
070521_pm_MVI_0159_short_31_5120.MP4,10.03448275862069,Good
090421_pm_MVI_0126_short_21_5120.MP4,8.89655172413793,Good
230421_pm_MVI_0149_short_40_5120.MP4,9.275862068965518,Good
300421_am_MVI_0153_short_39_5120.MP4,10.0,Good
070521_am_MVI_0002_short_4_6017.MP4,5.758620689655173,Good
090421_am_MVI_0121_short_48_6017.MP4,6.655172413793103,Good
130521_am_MVI_0161_short_6_6017.MP4,8.137931034482758,Good
160421_pm_MVI_0138_short_5_6017.MP4,7.517241379310345,Good
210521_pm_MVI_0174_short_11_6017.MP4,7.344827586206897,Good
230421_pm_MVI_0147_short_16_6017.MP4,7.862068965517241,Good
300421_pm_MVI_0154_short_8_6017.MP4,6.724137931034483,Good
070521_pm_MVI_0159_short_10_6017 _6017.MP4,5.241379310344827,Good
090421_pm_MVI_0127_short_29_6017.MP4,7.551724137931035,Good
130521_pm_MVI_0169_short_37_6017.MP4,9.413793103448276,Good
210521_am_MVI_0171_short_22_6017.MP4,6.275862068965517,Good
230421_am_MVI_0142_short_0.mp4,6.655172413793103,Good
040621_pm_MVI_0190_short_48_6025.MP4,11.586206896551724,Good
070521_pm_MVI_0159_short_0_6025.MP4,7.620689655172414,Good
090421_pm_MVI_0126_short_12_6025.MP4,7.379310344827586,Good
110621_am_MVI_0193_short_32_6025.MP4,7.862068965517241,Good
130521_pm_MVI_0167_short_23_6025.mp4,7.827586206896552,Good
160421_am_MVI_0133_short_28_6025.MP4,6.689655172413793,Good
210521_pm_MVI_0174_short_3_6025.MP4,8.724137931034482,Good
230421_am_MVI_0143_short_22_6025.MP4,7.344827586206897,Good
280521_am_MVI_0177_short_23_6025.MP4,8.758620689655173,Good
300421_am_MVI_0151_short_10_6025.MP4,8.620689655172415,Good
040621_am_MVI_0185_short_46_6025.MP4,10.793103448275861,Good
110621_pm_MVI_0198_short_25_6025.MP4,8.931034482758621,Good
160421_pm_MVI_0141_short_44_6025.MP4,9.068965517241379,Good
230421_pm_MVI_0148_short_32_6025.MP4,7.724137931034483,Good
280521_pm_MVI_0179_short_0_6025.MP4,8.96551724137931,Good
300421_pm_MVI_0154_short_1_6025.MP4,8.172413793103448,Good
070521_pm_MVI_0159_short_7_6029.MP4,8.96551724137931,Good
090421_am_MVI_0117_short_6_6029.MP4,8.655172413793103,Good
130521_pm_MVI_0164_short_8_6029.MP4,13.0,Good
160421_pm_MVI_0138_short_3_6029.MP4,8.517241379310345,Good
210521_am_MVI_0171_short_1_6029.MP4,9.448275862068966,Good
230421_pm_MVI_0147_short_3_6029.MP4,9.620689655172415,Good
300321_MVI_0109_short_0_6029.MP4,9.241379310344827,Good
300421_pm_MVI_0154_short_2_6029.MP4,8.344827586206897,Good
090421_pm_MVI_0124_short_3_6029.MP4,7.620689655172414,Good
130521_am_MVI_0162_short_21_6029.MP4,13.03448275862069,Good
210521_pm_MVI_0174_short_1_6029.MP4,9.206896551724139,Good
230421_am_MVI_0142_short_10_6029.MP4,8.724137931034482,Good
070521_am_MVI_0004_short_21_6041.MP4,12.206896551724139,Good
130521_am_MVI_0163_short_39_6041.MP4,12.793103448275861,Good
160421_am_MVI_0132_short_12_6041.MP4,10.931034482758621,Good
300321_MVI_0113_short_43_6041.MP4,7.655172413793103,Good
300421_pm_MVI_0156_short_39_6041.MP4,9.862068965517242,Good
070521_pm_MVI_0160_short_40.mp4,8.344827586206897,Good
130521_pm_MVI_0169_short_44_6041.MP4,11.655172413793103,Good
160421_pm_MVI_0141_short_46_6041.MP4,11.137931034482758,Good
010421_MVI_0116_short_42_6045.MP4,7.0344827586206895,Good
070521_am_MVI_0006_short_38_6045.MP4,7.758620689655173,Good
090421_am_MVI_0117_short_5_6045.MP4,7.517241379310345,Good
130521_am_MVI_0163_short_42_6045.MP4,7.896551724137931,Good
160421_am_MVI_0132_short_22_6045.MP4,7.620689655172414,Good
210521_am_MVI_0173_short_42_6045.MP4,8.344827586206897,Good
230421_pm_MVI_0150_short_42_6045.MP4,7.379310344827586,Good
300321_MVI_0113_short_41_6045.MP4,6.551724137931035,Good
300421_am_MVI_0153_short_43_6045.MP4,7.206896551724138,Good
070521_pm_MVI_0160_short_41_6045.MP4,8.482758620689655,Good
090421_pm_MVI_0128_short_31_6045.MP4,7.689655172413793,Good
130521_pm_MVI_0169_short_36_6045.MP4,8.344827586206897,Good
160421_pm_MVI_0140_short_39_6045.MP4,7.310344827586207,Good
210521_pm_MVI_0175_short_41_6045.MP4,8.89655172413793,Good
300421_pm_MVI_0155_short_26_6045.MP4,7.275862068965517,Good
040621_am_MVI_0184_short_21_6046.MP4,7.827586206896552,Good
070521_am_MVI_0004_short_18_6046.MP4,6.689655172413793,Good
090421_am_MVI_0119_short_28_6046.MP4,6.793103448275862,Good
110621_pm_MVI_0200_short_34_6046.MP4,7.0344827586206895,Good
130521_pm_MVI_0165_short_14_6046.MP4,7.275862068965517,Good
160421_pm_MVI_0138_short_4_6046.MP4,7.551724137931035,Good
210521_pm_MVI_0174_short_21_6046.MP4,8.310344827586206,Good
280521_am_MVI_0176_short_2_6046.MP4,7.517241379310345,Good
300421_pm_MVI_0154_short_11_6046.MP4,7.517241379310345,Good
040621_pm_MVI_0188_short_20_6046.MP4,7.310344827586207,Good
090421_pm_MVI_0129_short_45_6046.MP4,6.896551724137931,Good
130521_am_MVI_0162_short_19_6046.MP4,7.862068965517241,Good
280521_pm_MVI_0179_short_11_6046.MP4,9.03448275862069,Good
300421_am_MVI_0152_short_21_6046.MP4,6.896551724137931,Good
040621_am_MVI_0184_short_26_6053.MP4,8.758620689655173,Good
110621_am_MVI_0193_short_31_6053.MP4,8.172413793103448,Good
280521_am_MVI_0176_short_18_6053.MP4,10.0,Good
040621_pm_MVI_0188_short_23_6053.MP4,7.448275862068965,Good
110621_pm_MVI_0198_short_24_6053.MP4,9.172413793103448,Good
280521_pm_MVI_0179_short_14_6053.MP4,9.655172413793103,Good
040621_am_MVI_0184_short_12_6060.MP4,7.448275862068965,Good
110621_am_MVI_0195_short_55_6060.MP4,9.275862068965518,Good
280521_am_MVI_0176_short_12_6060.MP4,8.620689655172415,Good
040621_pm_MVI_0187_short_12_6060.MP4,8.137931034482758,Good
110621_pm_MVI_0200_short_36_6060.MP4,10.793103448275861,Good
280521_pm_MVI_0179_short_9_6060.MP4,8.931034482758621,Good
010421_MVI_0114_short_1.mp4,7.620689655172414,Good
070521_am_MVI_0002_short_1_6061.MP4,8.689655172413794,Good
090421_am_MVI_0117_short_2_6061.MP4,6.9655172413793105,Good
160421_am_MVI_0131_short_2_6061.MP4,6.724137931034483,Good
230421_pm_MVI_0147_short_4_6061.MP4,7.724137931034483,Good
300321_MVI_0109_short_3_6061.MP4,7.655172413793103,Good
300421_am_MVI_0151_short_3_6061.MP4,8.793103448275861,Good
090421_pm_MVI_0129_short_46_6061.MP4,7.413793103448276,Good
230421_am_MVI_0142_short_8_6061.MP4,9.689655172413794,Good
300421_pm_MVI_0154_short_10_6061.MP4,8.10344827586207,Good
010421_MVI_0114_short_4_6062.MP4,6.931034482758621,Good
040621_am_MVI_0185_short_47_6062.MP4,10.344827586206897,Good
070521_am_MVI_0003_short_12_6062.MP4,7.310344827586207,Good
110621_am_MVI_0191_short_10_6062.MP4,8.689655172413794,Good
130521_am_MVI_0163_short_51_6062.MP4,8.827586206896552,Good
210521_pm_MVI_0174_short_7_6062.MP4,9.310344827586206,Good
230421_am_MVI_0142_short_3_6062.MP4,7.758620689655173,Good
280521_am_MVI_0176_short_3_6062.MP4,9.0,Good
300321_MVI_0113_short_48_6062.MP4,7.0344827586206895,Good
040621_pm_MVI_0190_short_53_6062.MP4,11.0,Good
070521_pm_MVI_0159_short_27_6062.MP4,8.586206896551724,Good
110621_pm_MVI_0196_short_9_6062.MP4,8.206896551724139,Good
130521_pm_MVI_0164_short_5_6062.MP4,9.517241379310345,Good
210521_am_MVI_0171_short_6_6062.MP4,9.0,Good
230421_pm_MVI_0147_short_6_6062.MP4,8.413793103448276,Good
280521_pm_MVI_0179_short_4_6062.MP4,10.0,Good
010421_MVI_0114_short_12_6067.MP4,6.517241379310345,Good
010421_MVI_0114_short_9_6068.MP4,8.586206896551724,Good
040621_pm_MVI_0190_short_45_6068.MP4,8.379310344827585,Good
070521_pm_MVI_0159_short_13_6068.MP4,7.586206896551724,Good
090421_pm_MVI_0127_short_23_6068.MP4,7.862068965517241,Good
130521_pm_MVI_0165_short_19_6068.MP4,9.068965517241379,Good
160421_pm_MVI_0140_short_31_6068.MP4,8.344827586206897,Good
210521_pm_MVI_0174_short_20_6068.MP4,8.482758620689655,Good
230421_pm_MVI_0148_short_33_6068.MP4,7.9655172413793105,Good
280521_pm_MVI_0180_short_31_6068.MP4,9.379310344827585,Good
300421_am_MVI_0152_short_27_6068.MP4,7.448275862068965,Good
070521_am_MVI_0002_short_7_6068.MP4,8.724137931034482,Good
090421_am_MVI_0117_short_8_6068.MP4,7.724137931034483,Good
130521_am_MVI_0162_short_12_6068.MP4,8.758620689655173,Good
160421_am_MVI_0132_short_17_6068.MP4,8.172413793103448,Good
210521_am_MVI_0171_short_17_6068.MP4,8.689655172413794,Good
230421_am_MVI_0142_short_12_6068.MP4,8.482758620689655,Good
070521_am_MVI_0004_short_26_6076.MP4,9.862068965517242,Good
130521_pm_MVI_0164_short_6_6076.MP4,9.344827586206897,Good
210521_am_MVI_0171_short_0_6076.MP4,9.344827586206897,Good
230421_am_MVI_0142_short_6_6076.MP4,8.206896551724139,Good
300421_pm_MVI_0155_short_25_6076.MP4,8.551724137931034,Good
130521_am_MVI_0161_short_1_6076.MP4,9.344827586206897,Good
230421_pm_MVI_0147_short_22_6076.MP4,7.482758620689655,Good
300421_am_MVI_0151_short_0_6076.MP4,8.03448275862069,Good
010421_MVI_0116_short_45_6084.MP4,7.0344827586206895,Good
010421_MVI_0116_short_44_6086.MP4,7.448275862068965,Good
040621_am_MVI_0184_short_33_6086.MP4,9.344827586206897,Good
110621_pm_MVI_0197_short_16_6086.MP4,12.344827586206897,Good
130521_am_MVI_0163_short_46_6086.MP4,9.793103448275861,Good
160421_pm_MVI_0140_short_38_6086.MP4,6.689655172413793,Good
210521_am_MVI_0173_short_44_6086.MP4,7.793103448275862,Good
230421_am_MVI_0143_short_24_6086.MP4,6.448275862068965,Good
280521_am_MVI_0178_short_48_6086.MP4,7.862068965517241,Good
300421_pm_MVI_0157_short_43_6086.MP4,7.0,Good
040621_pm_MVI_0189_short_40_6086.MP4,9.551724137931034,Good
110621_am_MVI_0192_short_22_6086.MP4,8.482758620689655,Good
280521_pm_MVI_0181_short_39_6086.MP4,14.689655172413794,Good
300321_MVI_0113_short_42_6086.MP4,7.862068965517241,Good
010421_MVI_0116_short_46_6087.MP4,7.172413793103448,Good
090421_am_MVI_0119_short_27_6087.MP4,7.482758620689655,Good
160421_pm_MVI_0139_short_17_6087.MP4,7.793103448275862,Good
300321_MVI_0111_short_35_6087.MP4,6.758620689655173,Good
160421_am_MVI_0133_short_31_6087.MP4,6.586206896551724,Good
040621_am_MVI_0184_short_10_6088.MP4,8.586206896551724,Good
110621_pm_MVI_0196_short_2_6088.MP4,10.931034482758621,Good
280521_pm_MVI_0181_short_34_6088.MP4,9.793103448275861,Good
040621_pm_MVI_0187_short_11_6088.MP4,8.931034482758621,Good
110621_am_MVI_0191_short_0_6088.MP4,8.96551724137931,Good
010421_MVI_0116_short_37__6090.MP4,8.206896551724139,Good
300321_MVI_0113_short_50_6090.MP4,7.172413793103448,Good
010421_MVI_0115_short_27__6092.MP4,6.724137931034483,Good
040621_am_MVI_0184_short_29_6092.MP4,8.413793103448276,Good
070521_pm_MVI_0159_short_17_6092.MP4,7.862068965517241,Good
090421_am_MVI_0117_short_10_6092.MP4,7.206896551724138,Good
110621_am_MVI_0192_short_17_6092.MP4,8.413793103448276,Good
160421_am_MVI_0131_short_1_6092.MP4,6.586206896551724,Good
210521_pm_MVI_0174_short_33_6092.MP4,9.137931034482758,Good
230421_pm_MVI_0147_short_23_6092.MP4,7.620689655172414,Good
280521_pm_MVI_0181_short_36_6092.MP4,9.758620689655173,Good
300421_pm_MVI_0154_short_6_6092.MP4,7.620689655172414,Good
040621_pm_MVI_0188_short_29_6092.MP4,8.586206896551724,Good
110621_pm_MVI_0197_short_10_6092.MP4,9.03448275862069,Good
230421_am_MVI_0143_short_13_6092.MP4,7.724137931034483,Good
300421_am_MVI_0152_short_28_6092.MP4,7.896551724137931,Good
040621_pm_MVI_0188_short_32_6093.MP4,8.172413793103448,Good
110621_pm_MVI_0200_short_40_6093.MP4,9.379310344827585,Good
130521_pm_MVI_0167_short_28_6093.MP4,8.413793103448276,Good
210521_pm_MVI_0174_short_25_6093.MP4,8.344827586206897,Good
230421_pm_MVI_0148_short_24_6093.MP4,7.793103448275862,Good
040621_am_MVI_0184_short_28_6093.MP4,8.655172413793103,Good
070521_am_MVI_0004_short_16_6093.MP4,9.89655172413793,Good
130521_am_MVI_0161_short_5_6093.MP4,8.655172413793103,Good
210521_am_MVI_0173_short_43_6093.MP4,8.827586206896552,Good
230421_am_MVI_0143_short_23_6093.MP4,7.793103448275862,Good
040621_pm_MVI_0189_short_34_6094.MP4,6.931034482758621,Good
110621_pm_MVI_0196_short_4_6094.MP4,6.931034482758621,Good
280521_pm_MVI_0179_short_12_6094.MP4,6.482758620689655,Good
110621_am_MVI_0191_short_5_6094.MP4,11.413793103448276,Good
280521_am_MVI_0176_short_19_6094.MP4,7.620689655172414,Good
040621_pm_MVI_0187_short_19_6095.MP4,9.310344827586206,Good
110621_pm_MVI_0196_short_6_6095.MP4,8.551724137931034,Good
280521_pm_MVI_0181_short_46_6095.MP4,7.896551724137931,Good
110621_am_MVI_0191_short_8_6095.MP4,9.275862068965518,Good
280521_am_MVI_0178_short_51_6095.MP4,10.172413793103448,Good
280521_pm_MVI_0181_short_46_6095.MP4,7.896551724137931,Good
010421_MVI_0116_short_43_6096.MP4,7.275862068965517,Good
040621_pm_MVI_0188_short_31_6096.MP4,8.0,Good
090421_pm_MVI_0128_short_37_6096.MP4,7.275862068965517,Good
110621_pm_MVI_0197_short_18_6096.MP4,7.275862068965517,Good
130521_pm_MVI_0169_short_46_6096.MP4,7.448275862068965,Good
210521_pm_MVI_0175_short_43_6096.MP4,7.586206896551724,Good
230421_pm_MVI_0150_short_47_6096.MP4,7.103448275862069,Good
280521_pm_MVI_0182_short_47_6096.MP4,6.689655172413793,Good
300321_MVI_0113_short_47_6096.MP4,6.793103448275862,Good
300421_pm_MVI_0157_short_46_6096.MP4,7.482758620689655,Good
040621_am_MVI_0184_short_24_6096.MP4,8.241379310344827,Good
110621_am_MVI_0192_short_21_6096.MP4,7.586206896551724,Good
130521_am_MVI_0163_short_49_6096.MP4,8.275862068965518,Good
210521_am_MVI_0173_short_46_6096.MP4,7.793103448275862,Good
280521_am_MVI_0178_short_49_6096.MP4,8.0,Good
300421_am_MVI_0153_short_46_6096.MP4,7.0344827586206895,Good
070521_am_MVI_0003_short_15_6112.MP4,8.689655172413794,Good
130521_pm_MVI_0168_short_32_6112.MP4,8.344827586206897,Good
210521_pm_MVI_0174_short_18_6112.MP4,7.931034482758621,Good
230421_am_MVI_0146_short_46_6112.MP4,7.413793103448276,Good
300421_pm_MVI_0154_short_7_6112.MP4,7.482758620689655,Good
130521_am_MVI_0161_short_11_6112.MP4,9.068965517241379,Good
230421_pm_MVI_0147_short_7_6112.MP4,7.758620689655173,Good
010421_MVI_0115_short_32_6125.MP4,8.0,Good
040621_pm_MVI_0188_short_22_6125.MP4,8.275862068965518,Good
070521_pm_MVI_0159_short_30_6125.MP4,7.586206896551724,Good
090421_pm_MVI_0127_short_22_6125.MP4,8.379310344827585,Good
110621_pm_MVI_0199_short_31_6125.MP4,7.896551724137931,Good
130521_pm_MVI_0165_short_18_6125.MP4,9.206896551724139,Good
160421_pm_MVI_0140_short_29_6125.MP4,8.206896551724139,Good
210521_am_MVI_0171_short_28_6125.MP4,9.931034482758621,Good
230421_am_MVI_0144_short_35_6125.MP4,10.724137931034482,Good
280521_pm_MVI_0180_short_19_6125.MP4,10.689655172413794,Good
300421_pm_MVI_0154_short_17_6125.MP4,8.379310344827585,Good
040621_am_MVI_0184_short_20_6125.MP4,8.275862068965518,Good
070521_am_MVI_0003_short_11_6125.MP4,8.137931034482758,Good
090421_am_MVI_0119_short_23_6125.MP4,9.310344827586206,Good
130521_am_MVI_0162_short_18_6125.MP4,9.275862068965518,Good
210521_pm_MVI_0174_short_29_6125.MP4,9.172413793103448,Good
230421_pm_MVI_0148_short_31_6125.MP4,9.275862068965518,Good
280521_am_MVI_0176_short_20_6125.MP4,9.0,Good
300421_am_MVI_0152_short_26_6125.MP4,6.379310344827586,Good
040621_pm_MVI_0189_short_39_6131.MP4,8.448275862068966,Good
110621_pm_MVI_0197_short_11_6131.MP4,6.448275862068965,Good
040621_am_MVI_0185_short_40_6133.MP4,10.379310344827585,Good
110621_pm_MVI_0196_short_1_6133.MP4,7.586206896551724,Good
280521_pm_MVI_0179_short_10_6133.MP4,7.344827586206897,Good
110621_am_MVI_0191_short_1_6133 _6133.MP4,7.931034482758621,Good
110621_pm_MVI_0197_short_15_7008.MP4,6.9655172413793105,Good
280521_am_MVI_0178_short_45_7008.MP4,10.172413793103448,Good
280521_pm_MVI_0181_short_38_7008.MP4,8.931034482758621,Good
010421_MVI_0114_short_3_7025.MP4,6.9655172413793105,Good
090421_am_MVI_0117_short_0_7025.MP4,9.551724137931034,Good
160421_pm_MVI_0138_short_6_7025.MP4,7.758620689655173,Good
130521_pm_MVI_0165_short_16_7028.MP4,7.482758620689655,Good
210521_pm_MVI_0174_short_22_7028.MP4,7.689655172413793,Good
130521_am_MVI_0161_short_9_unknown_7028.MP4,8.413793103448276,Good
210521_am_MVI_0171_short_8_7028.MP4,7.620689655172414,Good
040621_pm_MVI_0189_short_37_7045.MP4,9.482758620689655,Good
070521_am_MVI_0004_short_17_7045.MP4,7.0,Good
090421_pm_MVI_0126_short_18_7045.MP4,6.586206896551724,Good
110621_pm_MVI_0199_short_33_7045.MP4,8.241379310344827,Good
130521_am_MVI_0162_short_30_7045.MP4,7.586206896551724,Good
160421_pm_MVI_0140_short_36_7045.MP4,7.896551724137931,Good
210521_pm_MVI_0174_short_17_7045.MP4,8.172413793103448,Good
280521_pm_MVI_0180_short_24_7045.MP4,9.344827586206897,Good
300421_am_MVI_0152_short_22_7045.MP4,7.137931034482759,Good
090421_am_MVI_0120_short_43_7045.MP4,6.551724137931035,Good
110621_am_MVI_0194_short_35_7045.MP4,7.344827586206897,Good
210521_am_MVI_0171_short_38_7045.MP4,9.172413793103448,Good
280521_am_MVI_0177_short_24_7045.MP4,7.448275862068965,Good
300421_pm_MVI_0156_short_38_7045.MP4,8.586206896551724,Good
010421_MVI_0114_short_6_7046.MP4,7.551724137931035,Good
300321_MVI_0111_short_30_7046.MP4,7.413793103448276,Good
040621_pm_MVI_0188_short_33_7060.MP4,7.862068965517241,Good
070521_pm_MVI_0159_short_25_7060.MP4,8.068965517241379,Good
090421_am_MVI_0119_short_14_7060.MP4,6.586206896551724,Good
110621_pm_MVI_0197_short_17_7060.MP4,7.310344827586207,Good
130521_pm_MVI_0168_short_35_7060.MP4,8.068965517241379,Good
160421_am_MVI_0131_short_10_7060.MP4,8.310344827586206,Good
210521_pm_MVI_0174_short_16_7060.MP4,9.862068965517242,Good
230421_pm_MVI_0147_short_19_7060.MP4,9.068965517241379,Good
280521_pm_MVI_0179_short_6_7060.MP4,9.89655172413793,Good
300321_MVI_0111_short_28_7060.MP4,7.379310344827586,Good
040621_am_MVI_0184_short_27_7060.MP4,9.620689655172415,Good
130521_am_MVI_0162_short_34_7060.MP4,8.620689655172415,Good
040621_pm_MVI_0186_short_2_7064.MP4,10.827586206896552,Good
070521_pm_MVI_0159_short_12_7064.MP4,7.0,Good
110621_am_MVI_0193_short_27_7064.MP4,9.724137931034482,Good
130521_pm_MVI_0164_short_4_7064.MP4,8.862068965517242,Good
160421_pm_MVI_0138_short_11_7064.MP4,7.724137931034483,Good
210521_pm_MVI_0174_short_12_7064.MP4,7.931034482758621,Good
230421_am_MVI_0143_short_19_7064.MP4,7.655172413793103,Good
280521_pm_MVI_0179_short_18_7064.MP4,9.379310344827585,Good
300421_pm_MVI_0154_short_16_7064.MP4,7.413793103448276,Good
040621_am_MVI_0183_short_8_7064.MP4,11.793103448275861,Good
110621_pm_MVI_0198_short_22_7064.MP4,12.448275862068966,Good
130521_am_MVI_0162_short_20_7064.MP4,9.206896551724139,Good
210521_am_MVI_0171_short_16_7064.MP4,10.241379310344827,Good
280521_am_MVI_0176_short_15_7064.MP4,9.241379310344827,Good
300321_MVI_0113_short_46_7068.MP4,7.310344827586207,Good
010421_MVI_0114_short_20_7078.MP4,6.620689655172414,Good
160421_pm_MVI_0138_short_7_7078.MP4,9.793103448275861,Good
160421_am_MVI_0131_short_8_7078.MP4,8.275862068965518,Good
040621_am_MVI_0183_short_7_7086.MP4,6.103448275862069,Good
040621_pm_MVI_0186_short_8_7086.MP4,6.620689655172414,Good
040621_pm_MVI_0190_short_52_7109.MP4,10.0,Good
070521_pm_MVI_0159_short_2_7109.MP4,7.793103448275862,Good
110621_pm_MVI_0197_short_14_7109.MP4,9.448275862068966,Good
130521_pm_MVI_0164_short_0_7109.MP4,9.10344827586207,Good
160421_pm_MVI_0138_short_12_7109.MP4,6.9655172413793105,Good
210521_pm_MVI_0174_short_8_7109.MP4,8.517241379310345,Good
280521_pm_MVI_0179_short_5_7109.MP4,12.172413793103448,Good
300421_pm_MVI_0154_short_0_7109.MP4,8.482758620689655,Good
070521_am_MVI_0003_short_14_7109.MP4,7.793103448275862,Good
280521_am_MVI_0176_short_7_7109.MP4,9.620689655172415,Good
300421_am_MVI_0151_short_1_7109.MP4,7.758620689655173,Good
070521_pm_MVI_0160_short_42_7110.MP4,8.10344827586207,Good
070521_am_MVI_0006_short_40_7110.MP4,7.896551724137931,Good
130521_am_MVI_0163_short_50_7110.MP4,8.96551724137931,Good
040621_am_MVI_0184_short_15_7114.MP4,7.241379310344827,Good
070521_pm_MVI_0159_short_18_7114.MP4,6.482758620689655,Good
090421_pm_MVI_0126_short_13_7114.MP4,6.793103448275862,Good
130521_pm_MVI_0164_short_7_7114.MP4,7.0,Good
210521_pm_MVI_0174_short_23_7114.MP4,7.724137931034483,Good
230421_am_MVI_0142_short_11_7114.MP4,7.413793103448276,Good
280521_pm_MVI_0179_short_2_7114.MP4,7.517241379310345,Good
300321_MVI_0113_short_40_7114.MP4,5.9655172413793105,Good
070521_am_MVI_0003_short_13_7114.MP4,7.689655172413793,Good
130521_am_MVI_0162_short_35_7114.MP4,6.586206896551724,Good
210521_am_MVI_0171_short_27_7114.MP4,7.172413793103448,Good
280521_am_MVI_0177_short_31_7114.MP4,7.0344827586206895,Good
280521_am_MVI_0176_short_1_7115.MP4,11.379310344827585,Good
01421_MVI_0115_short_30_7116.MP4,7.0344827586206895,Good
040621_pm_MVI_0189_short_41_7116.MP4,12.068965517241379,Good
070521_pm_MVI_0159_short_16_7116.MP4,10.172413793103448,Good
090421_pm_MVI_0126_short_9_7116.MP4,8.517241379310345,Good
110621_pm_MVI_0200_short_42_7116.MP4,11.827586206896552,Good
130521_pm_MVI_0166_short_20_7116.MP4,8.0,Good
160421_am_MVI_0132_short_18_7116.MP4,7.862068965517241,Good
210521_pm_MVI_0174_short_31_7116.MP4,10.517241379310345,Good
230421_pm_MVI_0147_short_21_7116.MP4,8.862068965517242,Good
280521_am_MVI_0176_short_8_7116.MP4,9.724137931034482,Good
300421_am_MVI_0153_short_34_7116.MP4,8.96551724137931,Good
090421_am_MVI_0121_short_49_7116.MP4,8.586206896551724,Good
110621_am_MVI_0195_short_58_7116.MP4,11.275862068965518,Good
130521_am_MVI_0162_short_36_7116.MP4,9.758620689655173,Good
210521_am_MVI_0171_short_23_7116.MP4,10.10344827586207,Good
280521_pm_MVI_0179_short_7_7116.MP4,10.482758620689655,Good
300321_MVI_0111_short_25_7119.MP4,7.482758620689655,Good
090421_pm_MVI_0128_short_36_7123.MP4,7.448275862068965,Good
130521_pm_MVI_0169_short_38_7123.MP4,8.172413793103448,Good
160421_pm_MVI_0138_short_9_7123.MP4,7.0344827586206895,Good
210521_pm_MVI_0175_short_39_7123.MP4,8.689655172413794,Good
230421_pm_MVI_0147_short_2_7123.MP4,8.96551724137931,Good
300421_am_MVI_0153_short_32_7123.MP4,8.482758620689655,Good
070521_am_MVI_0005_short_33_7123.MP4,8.586206896551724,Good
210521_am_MVI_0173_short_40_7123.MP4,7.655172413793103,Good
210521_pm_MVI_0175_short_39_7123.MP4,8.689655172413794,Good
300421_pm_MVI_0156_short_34_7123.MP4,8.586206896551724,Good
010421_MVI_0114_short_18_7128.MP4,7.344827586206897,Good
040621_pm_MVI_0189_short_35_7128.MP4,9.137931034482758,Good
090421_am_MVI_0119_short_24_7128.MP4,6.655172413793103,Good
160421_pm_MVI_0139_short_19_7128.MP4,8.137931034482758,Good
210521_pm_MVI_0175_short_42_7128.MP4,8.241379310344827,Good
300421_pm_MVI_0154_short_18_7128.MP4,9.10344827586207,Good
160421_am_MVI_0132_short_23_7128.MP4,6.793103448275862,Good
040621_am_MVI_0184_short_32_7136.MP4,9.172413793103448,Good
070521_am_MVI_0005_short_31_7136.MP4,9.758620689655173,Good
090421_pm_MVI_0126_short_10_7136.MP4,8.482758620689655,Good
110621_am_MVI_0193_short_23_7136.MP4,8.413793103448276,Good
130521_am_MVI_0161_short_7_7136.MP4,10.551724137931034,Good
160421_pm_MVI_0139_short_20_7136.MP4,8.827586206896552,Good
210521_pm_MVI_0174_short_14_7136.MP4,8.344827586206897,Good
230421_pm_MVI_0148_short_29_7136.MP4,8.241379310344827,Good
280521_am_MVI_0176_short_9_7136.MP4,10.068965517241379,Good
300321_MVI_0110_short_21_7136.MP4,7.689655172413793,Good
300421_pm_MVI_0156_short_35_7136.MP4,8.379310344827585,Good
040621_pm_MVI_0189_short_36_7136.MP4,8.862068965517242,Good
070521_pm_MVI_0159_short_32_7136.MP4,8.241379310344827,Good
110621_pm_MVI_0198_short_23_7136.MP4,9.827586206896552,Good
210521_am_MVI_0171_short_15_7136.MP4,9.241379310344827,Good
230421_am_MVI_0143_short_25_7136.MP4,8.827586206896552,Good
280521_pm_MVI_0180_short_20_7136.MP4,10.310344827586206,Good
300421_am_MVI_0151_short_9_7136.MP4,8.96551724137931,Good
010421_MVI_0114_short_25_7138.MP4,5.827586206896552,Good
040621_pm_MVI_0186_short_1_7138.MP4,8.275862068965518,Good
070521_am_MVI_0005_short_29_7138.MP4,6.586206896551724,Good
090421_am_MVI_0119_short_26_7138.MP4,6.896551724137931,Good
110621_am_MVI_0193_short_25_7138.MP4,6.931034482758621,Good
130521_pm_MVI_0164_short_1_7138.MP4,8.793103448275861,Good
160421_pm_MVI_0138_short_1_7138.MP4,6.827586206896552,Good
210521_pm_MVI_0174_short_9_7138.MP4,7.172413793103448,Good
230421_pm_MVI_0147_short_0_7138.MP4,7.620689655172414,Good
280521_am_MVI_0176_short_13_7138.MP4,9.0,Good
300421_am_MVI_0151_short_6_7138.MP4,6.655172413793103,Good
040621_am_MVI_0183_short_1_7138.MP4,7.551724137931035,Good
040621_pm_MVI_0186_short_1_7138.MP4,8.275862068965518,Good
070521_pm_MVI_0159_short_3_7138.MP4,7.103448275862069,Good
110621_pm_MVI_0198_short_21.mp4,6.655172413793103,Good
210521_am_MVI_0171_short_21_7138.MP4,9.137931034482758,Good
230421_am_MVI_0143_short_14_7138.MP4,7.310344827586207,Good
280521_pm_MVI_0179_short_8_7138.MP4,8.413793103448276,Good
040621_pm_MVI_0189_short_43_7139.MP4,8.620689655172415,Good
070521_pm_MVI_0159_short_26_7139.MP4,7.689655172413793,Good
110621_pm_MVI_0198_short_26_7139.MP4,8.275862068965518,Good
130521_am_MVI_0162_short_37_7139.MP4,8.413793103448276,Good
160421_pm_MVI_0139_short_13.mp4,4.931034482758621,Good
210521_pm_MVI_0174_short_34_7139.MP4,8.793103448275861,Good
230421_pm_MVI_0147_short_20_7139.MP4,8.793103448275861,Good
280521_pm_MVI_0181_short_37_7139.MP4,10.517241379310345,Good
300421_pm_MVI_0154_short_13_7139.MP4,8.482758620689655,Good
110621_am_MVI_0193_short_30_7139 _7139.MP4,8.448275862068966,Good
210521_am_MVI_0171_short_30_7139.MP4,7.827586206896552,Good
280521_am_MVI_0176_short_16_7139.MP4,8.862068965517242,Good
300421_am_MVI_0152_short_17_7139.MP4,6.310344827586207,Good
040621_pm_MVI_0189_short_38_7143.MP4,9.172413793103448,Good
070521_pm_MVI_0159_short_29_7143.MP4,10.172413793103448,Good
090421_am_MVI_0120_short_33_7143.MP4,7.413793103448276,Good
130521_pm_MVI_0169_short_42_7143.MP4,10.551724137931034,Good
160421_am_MVI_0131_short_7_7143.MP4,8.413793103448276,Good
210521_am_MVI_0171_short_39_7143.MP4,8.379310344827585,Good
230421_pm_MVI_0150_short_48_7143.MP4,7.793103448275862,Good
280521_am_MVI_0177_short_32_7143.MP4,8.827586206896552,Good
300421_pm_MVI_0155_short_27_7143.MP4,8.89655172413793,Good
040621_am_MVI_0184_short_37_7143.MP4,10.172413793103448,Good
160421_pm_MVI_0140_short_41_7143.MP4,8.03448275862069,Good
210521_pm_MVI_0175_short_45_7143.MP4,9.689655172413794,Good
280521_pm_MVI_0180_short_23_7143.MP4,8.931034482758621,Good
300421_am_MVI_0153_short_36_7143.MP4,8.172413793103448,Good
010421_MVI_0114_short_2_7147.MP4,8.10344827586207,Good
070521_pm_MVI_0159_short_9_7147.MP4,8.862068965517242,Good
090421_pm_MVI_0124_short_5_7147.MP4,9.03448275862069,Good
130521_pm_MVI_0164_short_3_7147.MP4,9.724137931034482,Good
160421_pm_MVI_0138_short_0_7147.MP4,10.517241379310345,Good
210521_pm_MVI_0174_short_13_7147.MP4,8.137931034482758,Good
230421_am_MVI_0142_short_7_7147.MP4,9.137931034482758,Good
300321_MVI_0109_short_1_7147.MP4,8.172413793103448,Good
300421_pm_MVI_0154_short_9_7147.MP4,7.724137931034483,Good
070521_am_MVI_0002_short_3_7147.MP4,11.10344827586207,Good
090421_am_MVI_0117_short_7_7147.MP4,8.586206896551724,Good
210521_am_MVI_0171_short_11_7147.MP4,8.344827586206897,Good
230421_pm_MVI_0147_short_5_7147.MP4,10.482758620689655,Good
040621_pm_MVI_0190_short_44_7150.MP4,9.551724137931034,Good
070521_pm_MVI_0159_short_5_7150.MP4,8.379310344827585,Good
110621_pm_MVI_0199_short_32_7150.MP4,8.620689655172415,Good
130521_pm_MVI_0164_short_2_7150.MP4,8.137931034482758,Good
210521_pm_MVI_0174_short_10_7150.MP4,7.758620689655173,Good
280521_am_MVI_0176_short_11_7150.MP4,8.620689655172415,Good
300421_am_MVI_0151_short_7.mp4,6.310344827586207,Good
110621_am_MVI_0194_short_34_7150 _7150.MP4,8.448275862068966,Good
040621_pm_MVI_0186_short_4_7153.MP4,8.310344827586206,Good
070521_am_MVI_0002_short_9_7153.MP4,8.413793103448276,Good
090421_am_MVI_0117_short_1_7153.MP4,6.103448275862069,Good
110621_am_MVI_0192_short_15_7153.MP4,6.517241379310345,Good
130521_pm_MVI_0169_short_40_7153.MP4,7.275862068965517,Good
210521_pm_MVI_0174_short_28_7153.MP4,6.896551724137931,Good
040621_am_MVI_0183_short_4_7153.MP4,7.9655172413793105,Good
130521_am_MVI_0161_short_0_7153.MP4,8.172413793103448,Good
070521_am_MVI_0002_short_5_7154.MP4,8.551724137931034,Good
130521_pm_MVI_0167_short_27_7154.MP4,8.827586206896552,Good
210521_am_MVI_0171_short_9_7154.MP4,9.275862068965518,Good
230421_pm_MVI_0147_short_18_7154.MP4,8.068965517241379,Good
130521_am_MVI_0163_short_44_7154.MP4,9.793103448275861,Good
230421_am_MVI_0146_short_40_7154.MP4,6.517241379310345,Good
130521_pm_MVI_0164_short_9_7162.MP4,8.206896551724139,Good
210521_pm_MVI_0174_short_5_7162.MP4,7.655172413793103,Good
130521_am_MVI_0161_short_10_7162.MP4,7.793103448275862,Good
210521_am_MVI_0171_short_5_7162.MP4,8.03448275862069,Good
010421_MVI_0114_short_16_7163.MP4,6.655172413793103,Good
130521_pm_MVI_0168_short_30_7163.MP4,10.482758620689655,Good
160421_pm_MVI_0138_short_2_7163.MP4,7.758620689655173,Good
210521_pm_MVI_0174_short_24_7163.MP4,8.551724137931034,Good
040621_pm_MVI_0187_short_13_8014.MP4,8.275862068965518,Good
280521_pm_MVI_0179_short_17_8014.MP4,8.310344827586206,Good
040621_am_MVI_0184_short_14_8014.MP4,7.551724137931035,Good
280521_am_MVI_0176_short_6_8014.MP4,6.413793103448276,Good
130521_pm_MVI_0165_short_12_8018.MP4,8.172413793103448,Good
210521_am_MVI_0171_short_2_8018.MP4,7.931034482758621,Good
130521_am_MVI_0162_short_22_8018.MP4,7.0,Good
210521_pm_MVI_0174_short_2_8018.MP4,7.206896551724138,Good
130521_pm_MVI_0165_short_10_8021.MP4,6.103448275862069,Good
130521_am_MVI_0161_short_2_8021.MP4,7.551724137931035,Good
010421_MVI_0114_short_19_8083.MP4,7.137931034482759,Good
040621_pm_MVI_0189_short_42_8083.MP4,11.068965517241379,Good
070521_pm_MVI_0160_short_44_8083.MP4,12.275862068965518,Good
090421_pm_MVI_0127_short_28_8083.MP4,7.827586206896552,Good
110621_am_MVI_0191_short_9_8083.mp4,7.793103448275862,Good
130521_am_MVI_0162_short_32_8083.MP4,9.827586206896552,Good
160421_pm_MVI_0140_short_34.mp4,6.413793103448276,Good
210521_pm_MVI_0175_short_37_8083.MP4,10.379310344827585,Good
280521_pm_MVI_0180_short_32_8083.MP4,11.068965517241379,Good
070521_am_MVI_0006_short_44_8083.MP4,10.758620689655173,Good
090421_am_MVI_0119_short_19_8083.MP4,8.793103448275861,Good
160421_am_MVI_0133_short_32_8083.MP4,7.413793103448276,Good
210521_am_MVI_0171_short_36_8083.MP4,10.551724137931034,Good
040621_pm_MVI_0186_short_7_8131.MP4,6.172413793103448,Good
280521_pm_MVI_0182_short_49_8131.MP4,7.206896551724138,Good
040621_am_MVI_0183_short_6_8131.MP4,6.275862068965517,Good
280521_am_MVI_0178_short_52_8131.MP4,7.241379310344827,Good
040621_pm_MVI_0187_short_17_8145.MP4,8.413793103448276,Good
070521_pm_MVI_0160_short_43_8145.MP4,8.241379310344827,Good
090421_pm_MVI_0127_short_26_8145.MP4,6.482758620689655,Good
210521_am_MVI_0171_short_26_8145.MP4,6.931034482758621,Good
230421_pm_MVI_0148_short_36_8145.MP4,8.379310344827585,Good
280521_am_MVI_0178_short_46_8145.MP4,8.89655172413793,Good
040621_am_MVI_0184_short_17_8145.MP4,7.862068965517241,Good
090421_am_MVI_0120_short_32_8145.MP4,7.379310344827586,Good
110621_am_MVI_0193_short_24_8145.MP4,8.03448275862069,Good
280521_pm_MVI_0180_short_26_8145.MP4,8.655172413793103,Good
040621_pm_MVI_0186_short_6_8146.MP4,9.10344827586207,Good
070521_pm_MVI_0160_short_38_8146.MP4,8.413793103448276,Good
110621_am_MVI_0191_short_3_8146.MP4,8.137931034482758,Good
130521_pm_MVI_0169_short_45_8146.MP4,7.517241379310345,Good
160421_pm_MVI_0141_short_45_8146.MP4,9.310344827586206,Good
210521_am_MVI_0173_short_47_8146.MP4,8.241379310344827,Good
230421_am_MVI_0146_short_48_8146.MP4,8.068965517241379,Good
280521_pm_MVI_0181_short_42_8146.MP4,8.793103448275861,Good
040621_am_MVI_0183_short_3_8146.MP4,8.379310344827585,Good
130521_am_MVI_0163_short_47_8146.MP4,8.206896551724139,Good
160421_am_MVI_0133_short_29_8146.MP4,7.172413793103448,Good
230421_pm_MVI_0148_short_38_8146.MP4,7.310344827586207,Good
280521_am_MVI_0178_short_44_8146.MP4,8.068965517241379,Good
040621_pm_MVI_0187_short_18_8154.MP4,6.551724137931035,Good
070521_pm_MVI_0159_short_15_8154.MP4,6.655172413793103,Good
130521_pm_MVI_0166_short_21_8154.MP4,5.931034482758621,Good
210521_am_MVI_0171_short_12_8154.MP4,5.9655172413793105,Good
040621_pm_MVI_0186_short_5_9010.MP4,6.344827586206897,Good
070521_pm_MVI_0159_short_19_9010.MP4,7.9655172413793105,Good
110621_pm_MVI_0200_short_43_9010.MP4,7.482758620689655,Good
130521_pm_MVI_0167_short_26_9010.MP4,9.172413793103448,Good
160421_pm_MVI_0139_short_27_9010.MP4,6.586206896551724,Good
210521_pm_MVI_0174_short_15_9010.MP4,7.896551724137931,Good
280521_pm_MVI_0181_short_40_9010.MP4,7.551724137931035,Good
040621_am_MVI_0183_short_2_9010.MP4,6.551724137931035,Good
210521_am_MVI_0171_short_25_9010.MP4,7.448275862068965,Good
040621_pm_MVI_0190_short_49_9012.MP4,8.620689655172415,Good
070521_pm_MVI_0159_short_33_9012.MP4,7.620689655172414,Good
090421_pm_MVI_0127_short_24_9012.MP4,7.137931034482759,Good
110621_pm_MVI_0196_short_3_9012.MP4,7.931034482758621,Good
130521_pm_MVI_0168_short_34_9012.MP4,8.03448275862069,Good
160421_pm_MVI_0139_short_16_9012.MP4,7.827586206896552,Good
210521_am_MVI_0171_short_29_9012.MP4,7.793103448275862,Good
230421_am_MVI_0144_short_36_9012.MP4,6.413793103448276,Good
280521_pm_MVI_0181_short_41_9012.MP4,8.310344827586206,Good
110621_am_MVI_0191_short_4_9012.MP4,8.03448275862069,Good
210521_pm_MVI_0174_short_26_9012.MP4,7.758620689655173,Good
230421_pm_MVI_0150_short_45_9012.MP4,6.862068965517241,Good
280521_am_MVI_0177_short_37_9012.MP4,7.793103448275862,Good
110621_pm_MVI_0200_short_37_9019.MP4,7.517241379310345,Good
280521_am_MVI_0178_short_53_9019.MP4,9.03448275862069,Good
040621_am_MVI_0185_short_45_9033.MP4,9.379310344827585,Good
110621_am_MVI_0191_short_2_9033.MP4,6.827586206896552,Good
040621_pm_MVI_0190_short_47_9033.MP4,7.620689655172414,Good
130521_am_MVI_0162_short_28_5064.MP4,14.793103448275861,Bad - Run
110621_am_MVI_0195_short_56_5087.MP4,7.344827586206897,Bad - Run
280521_am_MVI_0177_short_25_5087.MP4,14.068965517241379,Bad - Run
010421_MVI_0114_short_8_5096.MP4,6.103448275862069,Bad - Run
090421_am_MVI_0119_short_18_5096.MP4,4.379310344827586,Bad - Run
300321_MVI_0110_short_23_5096.MP4,5.862068965517241,Bad - Run
300321_MVI_0109_short_8_5100.MP4,5.379310344827586,Bad - Run
090421_pm_MVI_0128_short_34_5118.MP4,4.9655172413793105,Bad - Run
300421_am_MVI_0151_short_5_6017.MP4,4.758620689655173,Bad - Run
090421_am_MVI_0117_short_9_6062.MP4,5.482758620689655,Bad - Run
010421_MVI_0115_short_31_6064.MP4,4.793103448275862,Bad - Run
300321_MVI_0113_short_52_6084.MP4,6.0344827586206895,Bad - Run
070521_am_MVI_0006_short_39_6086.MP4,4.482758620689655,Bad - Run
090421_pm_MVI_0128_short_38_6086.MP4,4.758620689655173,Bad - Run
160421_am_MVI_0133_short_25_6086.MP4,4.827586206896552,Bad - Run
300421_am_MVI_0153_short_38_6086.MP4,6.482758620689655,Bad - Run
280521_am_MVI_0178_short_41_6088.MP4,3.8275862068965516,Bad - Run
090421_pm_MVI_0127_short_25_6092.MP4,5.862068965517241,Bad - Run
160421_pm_MVI_0139_short_25_6092.MP4,6.896551724137931,Bad - Run
300321_MVI_0110_short_16_6092.MP4,3.7241379310344827,Bad - Run
300421_am_MVI_0152_short_18_6093.MP4,4.0,Bad - Run
070521_am_MVI_0005_short_34_6096.MP4,4.517241379310345,Bad - Run
070521_pm_MVI_0160_short_39_6096.MP4,5.689655172413793,Bad - Run
090421_am_MVI_0120_short_41_6096.MP4,5.551724137931035,Bad - Run
160421_am_MVI_0133_short_26_6096.MP4,4.724137931034483,Bad - Run
230421_pm_MVI_0147_short_9_6112.MP4,3.0344827586206895,Bad - Run
040621_am_MVI_0185_short_44_6130.MP4,3.310344827586207,Bad - Run
040621_pm_MVI_0190_short_46_6130.MP4,4.448275862068965,Bad - Run
110621_am_MVI_0195_short_51_6130.MP4,2.9655172413793105,Bad - Run
110621_pm_MVI_0200_short_39_6130.MP4,3.206896551724138,Bad - Run
280521_am_MVI_0176_short_4_6130.MP4,6.172413793103448,Bad - Run
160421_am_MVI_0131_short_4_7025.MP4,7.275862068965517,Bad - Run
300321_MVI_0109_short_4_7025.MP4,3.8275862068965516,Bad - Run
230421_pm_MVI_0148_short_35_7045.MP4,3.793103448275862,Bad - Run
300321_MVI_0110_short_20_7045.MP4,4.793103448275862,Bad - Run
010421_MVI_0115_short_36_7048.MP4,2.2758620689655173,Bad - Run
070521_am_MVI_0002_short_8_7048.MP4,3.1724137931034484,Bad - Run
070521_pm_MVI_0159_short_28_7048.MP4,3.9655172413793105,Bad - Run
090421_am_MVI_0119_short_22_7048.MP4,5.241379310344827,Bad - Run
160421_am_MVI_0131_short_3_7048.MP4,3.793103448275862,Bad - Run
160421_pm_MVI_0140_short_35_7048.MP4,3.310344827586207,Bad - Run
230421_pm_MVI_0148_short_28_7048.MP4,3.103448275862069,Bad - Run
300321_MVI_0112_short_39_7048.MP4,3.103448275862069,Bad - Run
300421_pm_MVI_0155_short_23_7048.MP4,4.206896551724138,Bad - Run
010421_MVI_0114_short_14_7060.MP4,8.758620689655173,Bad - Run
300421_am_MVI_0152_short_25_7060.MP4,5.758620689655173,Bad - Run
300421_pm_MVI_0157_short_44_7060.MP4,5.689655172413793,Bad - Run
010421_MVI_0115_short_33_7064.MP4,5.517241379310345,Bad - Run
070521_am_MVI_0004_short_24_7064.MP4,5.758620689655173,Bad - Run
090421_am_MVI_0120_short_35_7064.MP4,4.137931034482759,Bad - Run
090421_pm_MVI_0126_short_11_7064.MP4,6.206896551724138,Bad - Run
160421_am_MVI_0132_short_14_7064.MP4,6.689655172413793,Bad - Run
300321_MVI_0110_short_18_7064.MP4,5.620689655172414,Bad - Run
300421_am_MVI_0153_short_31_7064.MP4,6.0344827586206895,Bad - Run
010421_MVI_0115_short_35_7068.MP4,6.137931034482759,Bad - Run
110621_am_MVI_0191_short_7_7086.MP4,4.379310344827586,Bad - Run
110621_pm_MVI_0196_short_5_7086.MP4,4.275862068965517,Bad - Run
280521_am_MVI_0176_short_21_7086.MP4,5.620689655172414,Bad - Run
090421_pm_MVI_0124_short_4_7109.MP4,4.310344827586207,Bad - Run
230421_am_MVI_0142_short_9_7109.MP4,4.206896551724138,Bad - Run
300321_MVI_0110_short_17_7109.MP4,5.172413793103448,Bad - Run
010421_MVI_0114_short_24_7110.MP4,3.0689655172413794,Bad - Run
090421_am_MVI_0119_short_25_7110.MP4,4.655172413793103,Bad - Run
160421_am_MVI_0132_short_20_7110.MP4,4.0344827586206895,Bad - Run
160421_pm_MVI_0140_short_33_7110.MP4,4.689655172413793,Bad - Run
230421_am_MVI_0144_short_37_7110.MP4,3.5172413793103448,Bad - Run
230421_pm_MVI_0148_short_39_7110.MP4,4.0344827586206895,Bad - Run
300321_MVI_0111_short_34_7110.MP4,4.0,Bad - Run
300421_am_MVI_0153_short_40_7110.MP4,3.8620689655172415,Bad - Run
300421_pm_MVI_0156_short_32_7110.MP4,4.206896551724138,Bad - Run
010421_MVI_0115_short_34_7114.MP4,4.379310344827586,Bad - Run
090421_am_MVI_0119_short_21_7114.MP4,4.793103448275862,Bad - Run
110621_am_MVI_0194_short_40_7114.MP4,4.0344827586206895,Bad - Run
110621_pm_MVI_0199_short_30_7114.MP4,5.241379310344827,Bad - Run
160421_am_MVI_0132_short_13_7114.MP4,4.241379310344827,Bad - Run
160421_pm_MVI_0141_short_43_7114.MP4,4.862068965517241,Bad - Run
230421_pm_MVI_0148_short_30_7114.MP4,4.551724137931035,Bad - Run
300421_am_MVI_0153_short_35_7114.MP4,4.724137931034483,Bad - Run
300421_pm_MVI_0156_short_31_7114.MP4,5.0,Bad - Run
160421_pm_MVI_0138_short_8_7115.MP4,5.103448275862069,Bad - Run
230421_am_MVI_0143_short_20_7116.MP4,5.413793103448276,Bad - Run
300321_MVI_0111_short_29_7116.MP4,6.793103448275862,Bad - Run
300421_pm_MVI_0155_short_28_7116.MP4,5.137931034482759,Bad - Run
010421_MVI_0115_short_28_7119.MP4,3.7586206896551726,Bad - Run
110621_am_MVI_0194_short_45_7128.MP4,3.0344827586206895,Bad - Run
130521_am_MVI_0162_short_24_7128.MP4,4.482758620689655,Bad - Run
230421_am_MVI_0143_short_21_7128.MP4,3.4482758620689653,Bad - Run
300321_MVI_0109_short_9_7128.MP4,5.724137931034483,Bad - Run
300321_MVI_0109_short_2_7138.MP4,4.344827586206897,Bad - Run
300421_pm_MVI_0154_short_3_7138.MP4,5.0,Bad - Run
040621_am_MVI_0184_short_38_7139.MP4,5.724137931034483,Bad - Run
070521_am_MVI_0005_short_30_7139.MP4,3.9655172413793105,Bad - Run
090421_am_MVI_0120_short_34_7139.MP4,5.206896551724138,Bad - Run
090421_pm_MVI_0123_short_0_7139.MP4,5.344827586206897,Bad - Run
160421_am_MVI_0132_short_19_7139.MP4,9.96551724137931,Bad - Run
230421_am_MVI_0143_short_16_7139.MP4,3.6206896551724137,Bad - Run
300421_am_MVI_0151_short_8_7147.MP4,7.620689655172414,Bad - Run
010421_MVI_0114_short_17_7153.MP4,5.931034482758621,Bad - Run
070521_pm_MVI_0159_short_1_7153.MP4,5.896551724137931,Bad - Run
090421_pm_MVI_0126_short_19_7153.MP4,4.793103448275862,Bad - Run
110621_pm_MVI_0197_short_12_7153.MP4,3.7586206896551726,Bad - Run
160421_pm_MVI_0139_short_15_7153.MP4,3.8275862068965516,Bad - Run
230421_pm_MVI_0147_short_15_7153.MP4,6.931034482758621,Bad - Run
280521_am_MVI_0176_short_14_7153.MP4,5.689655172413793,Bad - Run
280521_pm_MVI_0179_short_3_7153.MP4,4.137931034482759,Bad - Run
300321_MVI_0110_short_22_7153.MP4,4.689655172413793,Bad - Run
300421_am_MVI_0151_short_11_7153.MP4,4.517241379310345,Bad - Run
300421_pm_MVI_0156_short_37_7153.MP4,7.896551724137931,Bad - Run
070521_pm_MVI_0159_short_14_7154.MP4,4.275862068965517,Bad - Run
300421_am_MVI_0152_short_19_7154.MP4,5.068965517241379,Bad - Run
300421_am_MVI_0152_short_24_7163.MP4,3.7586206896551726,Bad - Run
110621_am_MVI_0194_short_38_8014.MP4,3.3793103448275863,Bad - Run
210521_am_MVI_0171_short_3_8021.MP4,5.275862068965517,Bad - Run
210521_pm_MVI_0174_short_4_8021.MP4,4.655172413793103,Bad - Run
130521_pm_MVI_0165_short_11_8024.MP4,8.862068965517242,Bad - Run
300321_MVI_0110_short_19_8083.MP4,7.068965517241379,Bad - Run
110621_am_MVI_0195_short_57_8131.MP4,7.413793103448276,Bad - Run
110621_pm_MVI_0200_short_35_8131.MP4,3.793103448275862,Bad - Run
070521_am_MVI_0005_short_35_8145.MP4,4.275862068965517,Bad - Run
110621_pm_MVI_0198_short_27_8145.MP4,5.448275862068965,Bad - Run
130521_am_MVI_0162_short_29_8145.MP4,3.1724137931034484,Bad - Run
160421_am_MVI_0133_short_27_8145.MP4,3.1724137931034484,Bad - Run
210521_pm_MVI_0175_short_38_8145.MP4,5.758620689655173,Bad - Run
300421_am_MVI_0153_short_33_8145.MP4,3.1379310344827585,Bad - Run
300421_pm_MVI_0156_short_30_8145.MP4,6.344827586206897,Bad - Run
070521_am_MVI_0006_short_42_8146.MP4,4.0344827586206895,Bad - Run
110621_pm_MVI_0196_short_8_8146.MP4,3.793103448275862,Bad - Run
300421_am_MVI_0153_short_42_8146.MP4,4.068965517241379,Bad - Run
300421_pm_MVI_0157_short_47_8146.MP4,21.20689655172414,Bad - Run
040621_am_MVI_0184_short_16_8154.MP4,4.482758620689655,Bad - Run
070521_am_MVI_0006_short_41_8154.MP4,5.724137931034483,Bad - Run
090421_pm_MVI_0128_short_44_8154.MP4,4.241379310344827,Bad - Run
110621_am_MVI_0192_short_16_8154.MP4,4.344827586206897,Bad - Run
110621_pm_MVI_0197_short_19_8154.MP4,3.2413793103448274,Bad - Run
160421_am_MVI_0131_short_11_8154.MP4,3.4827586206896552,Bad - Run
160421_pm_MVI_0138_short_10_8154.MP4,3.5517241379310347,Bad - Run
210521_pm_MVI_0174_short_30_8154.MP4,6.206896551724138,Bad - Run
230421_am_MVI_0143_short_18_8154.MP4,3.4827586206896552,Bad - Run
300421_am_MVI_0152_short_23_8154.MP4,4.827586206896552,Bad - Run
300421_pm_MVI_0155_short_29_8154.MP4,4.758620689655173,Bad - Run
040621_am_MVI_0183_short_9_8167.MP4,3.0689655172413794,Bad - Run
040621_pm_MVI_0186_short_3_8167.MP4,3.6551724137931036,Bad - Run
110621_am_MVI_0194_short_36_8167.MP4,3.206896551724138,Bad - Run
280521_pm_MVI_0182_short_48_8167.MP4,3.586206896551724,Bad - Run
090421_pm_MVI_0128_short_35_9010.MP4,5.0344827586206895,Bad - Run
110621_am_MVI_0195_short_50_9010.MP4,4.0344827586206895,Bad - Run
110621_am_MVI_0195_short_53_9010.MP4,6.379310344827586,Bad - Run
160421_am_MVI_0133_short_33_9010.MP4,3.1724137931034484,Bad - Run
230421_am_MVI_0143_short_15_9010.MP4,3.4827586206896552,Bad - Run
300421_am_MVI_0151_short_12_9010.MP4,3.4482758620689653,Bad - Run
300421_pm_MVI_0155_short_19_9010.MP4,6.068965517241379,Bad - Run
070521_am_MVI_0004_short_19_9012.MP4,3.6551724137931036,Bad - Run
090421_am_MVI_0120_short_42_9012.MP4,5.068965517241379,Bad - Run
300421_am_MVI_0153_short_41_9012.MP4,3.586206896551724,Bad - Run
300421_pm_MVI_0156_short_41_9012.MP4,5.241379310344827,Bad - Run
040621_pm_MVI_0187_short_10_9019.MP4,5.0,Bad - Run
280521_pm_MVI_0179_short_15_9019.MP4,4.793103448275862,Bad - Run
110621_pm_MVI_0196_short_0_9033.MP4,6.448275862068965,Bad - Run
280521_am_MVI_0177_short_36_9033.MP4,5.137931034482759,Bad - Run
280521_pm_MVI_0180_short_28_9033.MP4,9.862068965517242,Bad - Run
